#name,chromosome,start,end,x1,y1,x2,y2
Ga1P_S1,zd_gigi,10568599,10569859,253,176,258,176,ID=Ga1P_S1;color=blue
Ga1P_S2,zd_gigi,10893579,10892320,253,180,258,180,ID=Ga1P_S2;color=blue
Ga1P_S3,zd_gigi,10902314,10901632,253,180,258,180,ID=Ga1P_S3;color=blue
Ga1P_S4,zd_gigi,10912533,10913790,253,180,258,180,ID=Ga1P_S4;color=blue
PME3_S1,zd_gigi,10921048,10922344,270,181,275,181,ID=PME3_S1;color=maroon
Ga1P_S5,zd_gigi,10925830,10926091,253,181,258,181,ID=Ga1P_S5;color=blue
Ga1P_S6,zd_gigi,10934376,10935034,253,181,258,181,ID=Ga1P_S6;color=blue
Ga1P_S7,zd_gigi,10955284,10955345,253,181,258,181,ID=Ga1P_S7;color=blue
Ga1P_S8,zd_gigi,10955348,10955545,253,181,258,181,ID=Ga1P_S8;color=blue
PME3_S2,zd_gigi,10963574,10963941,270,181,275,181,ID=PME3_S2;color=maroon
Ga1P_S9,zd_gigi,11394063,11395321,253,186,258,186,ID=Ga1P_S9;color=blue
Ga1P_S10,zd_gigi,11470048,11471308,253,187,258,187,ID=Ga1P_S10;color=blue
Ga1P_S11,zd_gigi,11503633,11504893,253,188,258,188,ID=Ga1P_S11;color=blue
Ga1P_S12,zd_gigi,11578012,11579272,253,188,258,188,ID=Ga1P_S12;color=blue
Ga1P_S13,zd_gigi,11691584,11692844,253,190,258,190,ID=Ga1P_S13;color=blue
Ga1P_S14,zd_gigi,11726398,11727658,253,190,258,190,ID=Ga1P_S14;color=blue
Ga1P_S15,zd_gigi,11797786,11799046,253,191,258,191,ID=Ga1P_S15;color=blue
Ga1P_S16,zd_gigi,11832383,11833620,253,191,258,191,ID=Ga1P_S16;color=gray60
Ga1P_S17,zd_gigi,11914290,11915550,253,192,258,192,ID=Ga1P_S17;color=blue
Ga1P_S18,zd_gigi,11953455,11954715,253,193,258,193,ID=Ga1P_S18;color=blue
Ga1P_S19,zd_gigi,12012753,12014013,253,194,258,194,ID=Ga1P_S19;color=blue
Ga1P_S20,zd_gigi,12087282,12088542,253,195,258,195,ID=Ga1P_S20;color=gray60
Ga1P_S21,zd_gigi,12157201,12158461,253,195,258,195,ID=Ga1P_S21;color=blue
Ga1P_S22,zd_gigi,12171640,12172900,253,196,258,196,ID=Ga1P_S22;color=blue
Ga1P_S23,zd_gigi,33392223,33393484,253,450,258,450,ID=Ga1P_S23;color=blue
Ga1P_S24,zd_gigi,34114118,34115379,253,459,258,459,ID=Ga1P_S24;color=blue
Ga1P_S25,zd_gigi,34884677,34885938,253,468,258,468,ID=Ga1P_S25;color=blue
Ga1P_S26,zd_gigi,35587508,35588769,253,477,258,477,ID=Ga1P_S26;color=blue
PME3_S1,zd_momo,9064516,9065778,200,158,205,158,ID=PME3_S1;color=salmon
Ga1P_S1,zd_momo,11219011,11220271,183,184,188,184,ID=Ga1P_S1;color=gray60
Ga1P_S2,zd_momo,11537613,11536354,183,188,188,188,ID=Ga1P_S2;color=gray60
Ga1P_S3,zd_momo,11546567,11545885,183,188,188,188,ID=Ga1P_S3;color=gray60
Ga1P_S4,zd_momo,11556786,11558043,183,188,188,188,ID=Ga1P_S4;color=gray60
PME3_S1,zd_momo,11565387,11566682,200,188,205,188,ID=PME3_S1;color=maroon
Ga1P_S5,zd_momo,11570217,11570478,183,188,188,188,ID=Ga1P_S5;color=gray60
Ga1P_S6,zd_momo,11578797,11579455,183,188,188,188,ID=Ga1P_S6;color=gray60
Ga1P_S7,zd_momo,11599708,11599769,183,189,188,189,ID=Ga1P_S7;color=gray60
Ga1P_S8,zd_momo,11599772,11599969,183,189,188,189,ID=Ga1P_S8;color=gray60
PME3_S2,zd_momo,11607998,11608365,200,189,205,189,ID=PME3_S2;color=salmon
Ga1P_S9,zd_momo,12038506,12039764,183,194,188,194,ID=Ga1P_S9;color=gray60
Ga1P_S10,zd_momo,12114510,12115770,183,195,188,195,ID=Ga1P_S10;color=blue
Ga1P_S11,zd_momo,12148077,12149337,183,195,188,195,ID=Ga1P_S11;color=blue
Ga1P_S12,zd_momo,12222468,12223728,183,196,188,196,ID=Ga1P_S12;color=blue
Ga1P_S13,zd_momo,12335968,12337228,183,198,188,198,ID=Ga1P_S13;color=blue
Ga1P_S14,zd_momo,12370830,12372090,183,198,188,198,ID=Ga1P_S14;color=blue
Ga1P_S15,zd_momo,12442260,12443520,183,199,188,199,ID=Ga1P_S15;color=blue
Ga1P_S16,zd_momo,12476857,12478094,183,199,188,199,ID=Ga1P_S16;color=gray60
Ga1P_S17,zd_momo,12558785,12560045,183,200,188,200,ID=Ga1P_S17;color=blue
Ga1P_S18,zd_momo,12597949,12599209,183,201,188,201,ID=Ga1P_S18;color=blue
Ga1P_S19,zd_momo,12657226,12658486,183,201,188,201,ID=Ga1P_S19;color=blue
Ga1P_S20,zd_momo,12731800,12733060,183,202,188,202,ID=Ga1P_S20;color=gray60
Ga1P_S21,zd_momo,12812971,12814231,183,203,188,203,ID=Ga1P_S21;color=blue
Ga1P_S22,zd_momo,12827410,12828670,183,203,188,203,ID=Ga1P_S22;color=blue
Ga1P_S23,zd_momo,35598807,35600068,183,477,188,477,ID=Ga1P_S23;color=blue
Ga1P_S24,zd_momo,36321149,36322410,183,485,188,485,ID=Ga1P_S24;color=blue
PME3_S3,zd_momo,41710139,41711396,200,550,205,550,ID=PME3_S3;color=salmon
PME3_S4,zd_momo,41717496,41718766,200,550,205,550,ID=PME3_S4;color=salmon
Ga1P_S25,zd_momo,41719349,41720098,183,550,188,550,ID=Ga1P_S25;color=gray60
PME3_S5,zd_momo,41724268,41725564,200,550,205,550,ID=PME3_S5;color=salmon
PME3_S6,zd_momo,41737633,41738917,200,550,205,550,ID=PME3_S6;color=salmon
Ga1P_S26,zd_momo,41739542,41740298,183,550,188,550,ID=Ga1P_S26;color=gray60
PME3_S7,zd_momo,41753134,41754428,200,551,205,551,ID=PME3_S7;color=salmon
PME3_S8,zd_momo,41761127,41762409,200,551,205,551,ID=PME3_S8;color=salmon
Ga1P_S27,zd_momo,41763032,41763158,183,551,188,551,ID=Ga1P_S27;color=gray60
PME3_S9,zd_momo,41790605,41791901,200,551,205,551,ID=PME3_S9;color=salmon
PME3_S10,zd_momo,41831303,41832038,200,551,205,551,ID=PME3_S10;color=salmon
PME3_S11,zd_momo,41832027,41832524,200,551,205,551,ID=PME3_S11;color=salmon
Ga1P_S28,zd_momo,41833171,41833927,183,551,188,551,ID=Ga1P_S28;color=gray60
PME3_S12,zd_momo,41840766,41842064,200,552,205,552,ID=PME3_S12;color=salmon
PME3_S13,zd_momo,41843848,41845129,200,552,205,552,ID=PME3_S13;color=salmon
Ga1P_S29,zd_momo,41845716,41846472,183,552,188,552,ID=Ga1P_S29;color=gray60
PME3_S14,zd_momo,41864885,41866058,200,552,205,552,ID=PME3_S14;color=salmon
PME3_S15,zd_momo,41867886,41869152,200,552,205,552,ID=PME3_S15;color=salmon
Ga1P_S30,zd_momo,41869766,41870317,183,552,188,552,ID=Ga1P_S30;color=gray60
Ga1P_S1,zh_rim,7809128,7807869,323,143,328,143,ID=Ga1P_S1;color=gray60
Ga1P_S2,zh_rim,7846319,7845632,323,144,328,144,ID=Ga1P_S2;color=gray60
Ga1P_S3,zh_rim,7880266,7881523,323,144,328,144,ID=Ga1P_S3;color=gray60
PME3_S1,zh_rim,7888851,7890150,340,144,345,144,ID=PME3_S1;color=maroon
Ga1P_S4,zh_rim,7911673,7911938,323,144,328,144,ID=Ga1P_S4;color=gray60
Ga1P_S5,zh_rim,7920123,7920781,323,145,328,145,ID=Ga1P_S5;color=gray60
Ga1P_S6,zh_rim,7953910,7953971,323,145,328,145,ID=Ga1P_S6;color=gray60
Ga1P_S7,zh_rim,7953974,7954172,323,145,328,145,ID=Ga1P_S7;color=gray60
PME3_S2,zh_rim,7962203,7962570,340,145,345,145,ID=PME3_S2;color=salmon
Ga1P_S8,zh_rim,8108769,8110029,323,147,328,147,ID=Ga1P_S8;color=blue
Ga1P_S9,zh_rim,8142905,8144165,323,147,328,147,ID=Ga1P_S9;color=blue
Ga1P_S10,zh_rim,8225895,8227155,323,148,328,148,ID=Ga1P_S10;color=blue
Ga1P_S11,zh_rim,8261096,8262356,323,149,328,149,ID=Ga1P_S11;color=blue
Ga1P_S12,zh_rim,8332328,8333588,323,149,328,149,ID=Ga1P_S12;color=blue
Ga1P_S13,zh_rim,8381362,8382622,323,150,328,150,ID=Ga1P_S13;color=blue
Ga1P_S14,zh_rim,8444198,8445458,323,151,328,151,ID=Ga1P_S14;color=blue
Ga1P_S15,zh_rim,8491091,8492351,323,151,328,151,ID=Ga1P_S15;color=blue
Ga1P_S16,zh_rim,8591197,8592457,323,153,328,153,ID=Ga1P_S16;color=blue
Ga1P_S17,zh_rim,8633795,8635055,323,153,328,153,ID=Ga1P_S17;color=blue
Ga1P_S18,zh_rim,8705014,8706274,323,154,328,154,ID=Ga1P_S18;color=blue
Ga1P_S19,zh_rim,8754026,8755286,323,155,328,155,ID=Ga1P_S19;color=blue
Ga1P_S20,zh_rim,8823762,8825022,323,155,328,155,ID=Ga1P_S20;color=blue
Ga1P_S21,zh_rim,8870609,8871869,323,156,328,156,ID=Ga1P_S21;color=blue
Ga1P_S22,zh_rim,8970717,8971977,323,157,328,157,ID=Ga1P_S22;color=blue
Ga1P_S23,zh_rim,9013334,9014594,323,158,328,158,ID=Ga1P_S23;color=blue
Ga1P_S24,zh_rim,9084758,9086018,323,159,328,159,ID=Ga1P_S24;color=blue
Ga1P_S25,zh_rim,9133771,9135031,323,159,328,159,ID=Ga1P_S25;color=blue
Ga1P_S26,zh_rim,9196645,9197905,323,160,328,160,ID=Ga1P_S26;color=blue
Ga1P_S27,zh_rim,9243507,9244767,323,160,328,160,ID=Ga1P_S27;color=blue
Ga1P_S28,zh_rim,9343611,9344871,323,162,328,162,ID=Ga1P_S28;color=blue
Ga1P_S29,zh_rim,9386227,9387487,323,162,328,162,ID=Ga1P_S29;color=blue
PME3_S3,zh_rim,29774143,29773780,340,407,345,407,ID=PME3_S3;color=salmon
Ga1P_S30,zh_rim,29785836,29785639,323,407,328,407,ID=Ga1P_S30;color=gray60
Ga1P_S31,zh_rim,29785897,29785839,323,407,328,407,ID=Ga1P_S31;color=gray60
Ga1P_S32,zh_rim,29799904,29799243,323,407,328,407,ID=Ga1P_S32;color=gray60
Ga1P_S33,zh_rim,29815272,29815011,323,407,328,407,ID=Ga1P_S33;color=gray60
PME3_S4,zh_rim,29820370,29819073,340,407,345,407,ID=PME3_S4;color=salmon
Ga1P_S34,zh_rim,29835891,29835641,323,408,328,408,ID=Ga1P_S34;color=gray60
Ga1P_S35,zh_rim,29846275,29845265,323,408,328,408,ID=Ga1P_S35;color=gray60
Ga1P_S36,zh_rim,29856493,29857177,323,408,328,408,ID=Ga1P_S36;color=gray60
Ga1P_S37,zh_rim,29901056,29902317,323,408,328,408,ID=Ga1P_S37;color=blue
Ga1P_S38,zh_rim,29946501,29947761,323,409,328,409,ID=Ga1P_S38;color=gray60
Ga1P_S39,zh_rim,29998356,29999614,323,409,328,409,ID=Ga1P_S39;color=gray60
Ga1P_S40,zh_rim,30042953,30044212,323,410,328,410,ID=Ga1P_S40;color=gray60
Ga1P_S41,zh_rim,30061796,30063054,323,410,328,410,ID=Ga1P_S41;color=gray60
PME3_S1,zm_b73,8765869,8767131,690,155,695,155,ID=PME3_S1;color=salmon
Ga1P_S1,zm_b73,8767699,8768455,673,155,678,155,ID=Ga1P_S1;color=gray60
PME3_S2,zm_b73,8772140,8772512,690,155,695,155,ID=PME3_S2;color=salmon
PME3_S3,zm_b73,8794858,8795785,690,155,695,155,ID=PME3_S3;color=salmon
PME3_S4,zm_b73,8805003,8806280,690,155,695,155,ID=PME3_S4;color=salmon
Ga1P_S2,zm_b73,8806862,8807614,673,155,678,155,ID=Ga1P_S2;color=gray60
PME3_S5,zm_b73,8821225,8822397,690,155,695,155,ID=PME3_S5;color=salmon
PME3_S6,zm_b73,8828545,8829808,690,155,695,155,ID=PME3_S6;color=salmon
Ga1P_S3,zm_b73,8830373,8831056,673,155,678,155,ID=Ga1P_S3;color=gray60
PME3_S7,zm_b73,8861008,8862170,690,156,695,156,ID=PME3_S7;color=salmon
PME3_S8,zm_b73,8862850,8863802,690,156,695,156,ID=PME3_S8;color=salmon
Ga1P_S4,zm_b73,8864391,8864589,673,156,678,156,ID=Ga1P_S4;color=gray60
Ga1P_S5,zm_b73,8867265,8867757,673,156,678,156,ID=Ga1P_S5;color=gray60
Ga1P_S6,zm_b73,8911569,8911644,673,156,678,156,ID=Ga1P_S6;color=gray60
PME3_S9,zm_b73,8915786,8917079,690,156,695,156,ID=PME3_S9;color=salmon
PME3_S10,zm_b73,8921421,8922707,690,157,695,157,ID=PME3_S10;color=salmon
PME3_S11,zm_b73,8924498,8924767,690,157,695,157,ID=PME3_S11;color=salmon
PME3_S12,zm_b73,8948456,8949338,690,157,695,157,ID=PME3_S12;color=salmon
Ga1P_S7,zm_b73,8949945,8950320,673,157,678,157,ID=Ga1P_S7;color=gray60
PME3_S13,zm_b73,8953042,8954324,690,157,695,157,ID=PME3_S13;color=salmon
Ga1P_S8,zm_b73,9003909,9004664,673,158,678,158,ID=Ga1P_S8;color=gray60
PME3_S14,zm_b73,9018803,9020081,690,158,695,158,ID=PME3_S14;color=salmon
Ga1P_S9,zm_b73,9020673,9021429,673,158,678,158,ID=Ga1P_S9;color=gray60
PME3_S15,zm_b73,9028581,9029171,690,158,695,158,ID=PME3_S15;color=salmon
PME3_S16,zm_b73,9038719,9039236,690,158,695,158,ID=PME3_S16;color=salmon
PME3_S17,zm_b73,9039599,9040798,690,158,695,158,ID=PME3_S17;color=salmon
PME3_S18,zm_b73,9057059,9057151,690,158,695,158,ID=PME3_S18;color=salmon
Ga1P_S10,zm_b73,9057665,9058421,673,158,678,158,ID=Ga1P_S10;color=gray60
PME3_S19,zm_b73,9089742,9091037,690,159,695,159,ID=PME3_S19;color=salmon
PME3_S20,zm_b73,9092845,9093811,690,159,695,159,ID=PME3_S20;color=salmon
PME3_S21,zm_b73,9113072,9113390,690,159,695,159,ID=PME3_S21;color=salmon
Ga1P_S11,zm_b73,9113950,9114288,673,159,678,159,ID=Ga1P_S11;color=gray60
Ga1P_S12,zm_b73,9121170,9121592,673,159,678,159,ID=Ga1P_S12;color=gray60
PME3_S22,zm_b73,9135959,9136380,690,159,695,159,ID=PME3_S22;color=salmon
PME3_S23,zm_b73,9161583,9162469,690,159,695,159,ID=PME3_S23;color=salmon
PME3_S24,zm_b73,9173722,9175002,690,160,695,160,ID=PME3_S24;color=salmon
Ga1P_S13,zm_b73,9175540,9176112,673,160,678,160,ID=Ga1P_S13;color=gray60
Ga1P_S14,zm_b73,9195230,9195404,673,160,678,160,ID=Ga1P_S14;color=gray60
PME3_S25,zm_b73,9199545,9200835,690,160,695,160,ID=PME3_S25;color=salmon
PME3_S26,zm_b73,9202608,9203875,690,160,695,160,ID=PME3_S26;color=salmon
Ga1P_S15,zm_b73,9204453,9205206,673,160,678,160,ID=Ga1P_S15;color=gray60
PME3_S27,zm_b73,9218865,9220158,690,160,695,160,ID=PME3_S27;color=salmon
PME3_S28,zm_b73,9240407,9241363,690,160,695,160,ID=PME3_S28;color=salmon
PME3_S29,zm_b73,9250047,9250227,690,161,695,161,ID=PME3_S29;color=salmon
PME3_S30,zm_b73,9257749,9259032,690,161,695,161,ID=PME3_S30;color=salmon
PME3_S31,zm_b73,9260842,9261257,690,161,695,161,ID=PME3_S31;color=salmon
PME3_S32,zm_b73,9305963,9306800,690,161,695,161,ID=PME3_S32;color=salmon
PME3_S33,zm_b73,9308585,9309863,690,161,695,161,ID=PME3_S33;color=salmon
Ga1P_S16,zm_b73,9310449,9311204,673,161,678,161,ID=Ga1P_S16;color=gray60
PME3_S34,zm_b73,9342990,9344023,690,162,695,162,ID=PME3_S34;color=salmon
Ga1P_S17,zm_b73,9344609,9345362,673,162,678,162,ID=Ga1P_S17;color=gray60
PME3_S35,zm_b73,9409989,9411284,690,162,695,162,ID=PME3_S35;color=salmon
PME3_S36,zm_b73,9461394,9462671,690,163,695,163,ID=PME3_S36;color=salmon
Ga1P_S18,zm_b73,9463252,9463528,673,163,678,163,ID=Ga1P_S18;color=gray60
Ga1P_S19,zm_b73,9466114,9466578,673,163,678,163,ID=Ga1P_S19;color=gray60
PME3_S37,zm_b73,9536867,9538162,690,164,695,164,ID=PME3_S37;color=salmon
PME3_S38,zm_b73,9540015,9540590,690,164,695,164,ID=PME3_S38;color=salmon
PME3_S39,zm_b73,9543881,9544091,690,164,695,164,ID=PME3_S39;color=salmon
PME3_S40,zm_b73,9550960,9551465,690,164,695,164,ID=PME3_S40;color=salmon
Ga1P_S20,zm_b73,9553652,9554150,673,164,678,164,ID=Ga1P_S20;color=gray60
Ga1P_S21,zm_b73,9563235,9563498,673,164,678,164,ID=Ga1P_S21;color=gray60
PME3_S41,zm_b73,9593869,9595161,690,165,695,165,ID=PME3_S41;color=salmon
PME3_S42,zm_b73,9596669,9597951,690,165,695,165,ID=PME3_S42;color=salmon
Ga1P_S22,zm_b73,9598507,9599263,673,165,678,165,ID=Ga1P_S22;color=gray60
PME3_S43,zm_b73,9610279,9610763,690,165,695,165,ID=PME3_S43;color=salmon
PME3_S44,zm_b73,9615418,9615724,690,165,695,165,ID=PME3_S44;color=salmon
PME3_S45,zm_b73,9615729,9616609,690,165,695,165,ID=PME3_S45;color=salmon
Ga1P_S23,zm_b73,9636099,9636854,673,165,678,165,ID=Ga1P_S23;color=gray60
PME3_S46,zm_b73,9651223,9651681,690,165,695,165,ID=PME3_S46;color=salmon
PME3_S47,zm_b73,9651683,9652476,690,165,695,165,ID=PME3_S47;color=salmon
PME3_S48,zm_b73,9654268,9654446,690,165,695,165,ID=PME3_S48;color=salmon
PME3_S49,zm_b73,9655326,9655647,690,165,695,165,ID=PME3_S49;color=salmon
Ga1P_S24,zm_b73,9656229,9656977,673,165,678,165,ID=Ga1P_S24;color=gray60
PME3_S50,zm_b73,9687478,9688751,690,166,695,166,ID=PME3_S50;color=salmon
PME3_S51,zm_b73,9726039,9727308,690,166,695,166,ID=PME3_S51;color=salmon
PME3_S52,zm_b73,9729137,9730402,690,166,695,166,ID=PME3_S52;color=salmon
Ga1P_S25,zm_b73,9730987,9731741,673,166,678,166,ID=Ga1P_S25;color=gray60
PME3_S53,zm_b73,9774963,9776240,690,167,695,167,ID=PME3_S53;color=salmon
Ga1P_S26,zm_b73,9801433,9802398,673,167,678,167,ID=Ga1P_S26;color=gray60
Ga1P_S27,zm_b73,9802409,9802606,673,167,678,167,ID=Ga1P_S27;color=gray60
PME3_S54,zm_b73,9850592,9850963,690,168,695,168,ID=PME3_S54;color=salmon
Ga1P_S1,zm_hp301,8560295,8561538,743,152,748,152,ID=Ga1P_S1;color=gray60
Ga1P_S2,zm_hp301,9005977,9007233,743,158,748,158,ID=Ga1P_S2;color=gray60
Ga1P_S3,zm_hp301,9024099,9024448,743,158,748,158,ID=Ga1P_S3;color=gray60
Ga1P_S4,zm_hp301,9034653,9035910,743,158,748,158,ID=Ga1P_S4;color=gray60
PME3_S1,zm_hp301,9044154,9045449,760,158,765,158,ID=PME3_S1;color=maroon
Ga1P_S5,zm_hp301,9048928,9049189,743,158,748,158,ID=Ga1P_S5;color=gray60
Ga1P_S6,zm_hp301,9071697,9072355,743,158,748,158,ID=Ga1P_S6;color=gray60
Ga1P_S7,zm_hp301,9092635,9092696,743,159,748,159,ID=Ga1P_S7;color=gray60
Ga1P_S8,zm_hp301,9092699,9092896,743,159,748,159,ID=Ga1P_S8;color=gray60
PME3_S1,zm_hp301,9100861,9101228,760,159,765,159,ID=PME3_S1;color=salmon
Ga1P_S9,zm_hp301,9190584,9191841,743,160,748,160,ID=Ga1P_S9;color=gray60
Ga1P_S10,zm_hp301,9259653,9260913,743,161,748,161,ID=Ga1P_S10;color=blue
Ga1P_S11,zm_hp301,9307947,9309207,743,161,748,161,ID=Ga1P_S11;color=blue
Ga1P_S12,zm_hp301,9411371,9411786,743,162,748,162,ID=Ga1P_S12;color=gray60
Ga1P_S13,zm_hp301,9420938,9421789,743,163,748,163,ID=Ga1P_S13;color=gray60
Ga1P_S14,zm_hp301,9520059,9521319,743,164,748,164,ID=Ga1P_S14;color=blue
Ga1P_S15,zm_hp301,9636099,9637359,743,165,748,165,ID=Ga1P_S15;color=blue
Ga1P_S16,zm_hp301,9683585,9684845,743,166,748,166,ID=Ga1P_S16;color=blue
Ga1P_S17,zm_hp301,9776566,9777826,743,167,748,167,ID=Ga1P_S17;color=blue
Ga1P_S18,zm_hp301,9852686,9853946,743,168,748,168,ID=Ga1P_S18;color=blue
Ga1P_S19,zm_hp301,9894733,9895166,743,168,748,168,ID=Ga1P_S19;color=gray60
Ga1P_S20,zm_hp301,9902036,9902869,743,168,748,168,ID=Ga1P_S20;color=gray60
Ga1P_S21,zm_hp301,9979264,9980524,743,169,748,169,ID=Ga1P_S21;color=blue
Ga1P_S22,zm_hp301,10033376,10034636,743,170,748,170,ID=Ga1P_S22;color=blue
Ga1P_S23,zm_hp301,10119118,10120378,743,171,748,171,ID=Ga1P_S23;color=blue
Ga1P_S1,zn_pi6,24200134,24198874,113,340,118,340,ID=Ga1P_S1;color=blue
Ga1P_S2,zn_pi6,24251558,24250298,113,341,118,341,ID=Ga1P_S2;color=blue
Ga1P_S3,zn_pi6,24421562,24420302,113,343,118,343,ID=Ga1P_S3;color=blue
Ga1P_S4,zn_pi6,24491833,24490573,113,343,118,343,ID=Ga1P_S4;color=blue
Ga1P_S5,zn_pi6,24604062,24602802,113,345,118,345,ID=Ga1P_S5;color=gray60
Ga1P_S6,zn_pi6,24683317,24682057,113,346,118,346,ID=Ga1P_S6;color=gray60
Ga1P_S7,zn_pi6,24739066,24737806,113,346,118,346,ID=Ga1P_S7;color=gray60
Ga1P_S8,zn_pi6,24794825,24793566,113,347,118,347,ID=Ga1P_S8;color=gray60
Ga1P_S9,zn_pi6,24873754,24872496,113,348,118,348,ID=Ga1P_S9;color=gray60
PME3_S1,zn_pi6,25456808,25456441,130,355,135,355,ID=PME3_S1;color=salmon
Ga1P_S10,zn_pi6,25666026,25664766,113,357,118,357,ID=Ga1P_S10;color=blue
Ga1P_S11,zn_pi6,25734155,25732894,113,358,118,358,ID=Ga1P_S11;color=gray60
Ga1P_S12,zn_pi6,25847756,25846496,113,360,118,360,ID=Ga1P_S12;color=blue
Ga1P_S13,zn_pi6,25908187,25906927,113,360,118,360,ID=Ga1P_S13;color=blue
Ga1P_S14,zn_pi6,26008749,26007489,113,362,118,362,ID=Ga1P_S14;color=gray60
Ga1P_S15,zn_pi6,26097607,26096346,113,363,118,363,ID=Ga1P_S15;color=gray60
Ga1P_S16,zn_pi6,26132645,26131385,113,363,118,363,ID=Ga1P_S16;color=blue
Ga1P_S17,zn_pi6,26206049,26204789,113,364,118,364,ID=Ga1P_S17;color=blue
Ga1P_S18,zn_pi6,26297693,26296435,113,365,118,365,ID=Ga1P_S18;color=gray60
PME3_S2,zn_pi6,26907081,26906714,130,372,135,372,ID=PME3_S2;color=salmon
Ga1P_S19,zn_pi6,26915313,26915116,113,372,118,372,ID=Ga1P_S19;color=gray60
Ga1P_S20,zn_pi6,26915374,26915316,113,372,118,372,ID=Ga1P_S20;color=gray60
Ga1P_S21,zn_pi6,26936340,26935679,113,373,118,373,ID=Ga1P_S21;color=gray60
Ga1P_S22,zn_pi6,26960501,26960240,113,373,118,373,ID=Ga1P_S22;color=gray60
PME3_S3,zn_pi6,26965091,26964006,130,373,135,373,ID=PME3_S3;color=salmon
PME3_S4,zn_pi6,26969874,26969662,130,373,135,373,ID=PME3_S4;color=salmon
Ga1P_S23,zn_pi6,26975526,26974269,113,373,118,373,ID=Ga1P_S23;color=gray60
Ga1P_S24,zn_pi6,26989001,26989687,113,373,118,373,ID=Ga1P_S24;color=gray60
Ga1P_S25,zn_pi6,27013250,27014508,113,374,118,374,ID=Ga1P_S25;color=gray60
Ga1P_S26,zn_pi6,27401863,27400605,113,378,118,378,ID=Ga1P_S26;color=gray60
Ga1P_S27,zn_pi6,49864116,49865377,113,648,118,648,ID=Ga1P_S27;color=gray60
PME3_S5,zn_pi6,50757304,50756940,130,659,135,659,ID=PME3_S5;color=salmon
Ga1P_S28,zn_pi6,50769000,50768803,113,659,118,659,ID=Ga1P_S28;color=gray60
Ga1P_S29,zn_pi6,50769061,50769003,113,659,118,659,ID=Ga1P_S29;color=gray60
Ga1P_S30,zn_pi6,50783210,50782549,113,659,118,659,ID=Ga1P_S30;color=gray60
Ga1P_S31,zn_pi6,50801231,50800970,113,659,118,659,ID=Ga1P_S31;color=gray60
PME3_S6,zn_pi6,50806020,50804725,130,659,135,659,ID=PME3_S6;color=maroon
Ga1P_S32,zn_pi6,50818721,50818471,113,659,118,659,ID=Ga1P_S32;color=gray60
Ga1P_S33,zn_pi6,50829124,50828114,113,659,118,659,ID=Ga1P_S33;color=gray60
Ga1P_S34,zn_pi6,50839327,50840012,113,660,118,660,ID=Ga1P_S34;color=gray60
Ga1P_S35,zn_pi6,50859586,50860844,113,660,118,660,ID=Ga1P_S35;color=gray60
PME3_S7,zn_pi6,51877757,51877391,130,672,135,672,ID=PME3_S7;color=salmon
Ga1P_S36,zn_pi6,51889450,51889253,113,672,118,672,ID=Ga1P_S36;color=gray60
Ga1P_S37,zn_pi6,51889511,51889453,113,672,118,672,ID=Ga1P_S37;color=gray60
Ga1P_S38,zn_pi6,51903034,51902373,113,672,118,672,ID=Ga1P_S38;color=gray60
Ga1P_S39,zn_pi6,51910657,51911918,113,672,118,672,ID=Ga1P_S39;color=blue
Ga1P_S40,zn_pi6,51944536,51945797,113,673,118,673,ID=Ga1P_S40;color=blue
Ga1P_S41,zn_pi6,51978357,51979618,113,673,118,673,ID=Ga1P_S41;color=blue
Ga1P_S42,zn_pi6,52012185,52013446,113,674,118,674,ID=Ga1P_S42;color=blue
Ga1P_S43,zn_pi6,52046010,52047271,113,674,118,674,ID=Ga1P_S43;color=blue
Ga1P_S44,zn_pi6,52079731,52080954,113,674,118,674,ID=Ga1P_S44;color=gray60
Ga1P_S45,zn_pi6,52111589,52112849,113,675,118,675,ID=Ga1P_S45;color=gray60
Ga1P_S46,zn_pi6,52164296,52165557,113,675,118,675,ID=Ga1P_S46;color=blue
Ga1P_S47,zn_pi6,52198247,52199508,113,676,118,676,ID=Ga1P_S47;color=blue
Ga1P_S48,zn_pi6,52231982,52233243,113,676,118,676,ID=Ga1P_S48;color=gray60
Ga1P_S49,zn_pi6,52266286,52267545,113,677,118,677,ID=Ga1P_S49;color=gray60
Ga1P_S50,zn_pi6,52325495,52326756,113,677,118,677,ID=Ga1P_S50;color=gray60
Ga1P_S51,zn_pi6,52366733,52367992,113,678,118,678,ID=Ga1P_S51;color=gray60
Ga1P_S52,zn_pi6,52385575,52386833,113,678,118,678,ID=Ga1P_S52;color=gray60
Ga1P_S1,zv_til01,32537122,32538381,533,440,538,440,ID=Ga1P_S1;color=gray60
Ga1P_S2,zv_til01,33061577,33060318,533,446,538,446,ID=Ga1P_S2;color=gray60
Ga1P_S3,zv_til01,33078725,33078374,533,446,538,446,ID=Ga1P_S3;color=gray60
Ga1P_S4,zv_til01,33088943,33090200,533,447,538,447,ID=Ga1P_S4;color=gray60
PME3_S1,zv_til01,33097525,33098820,550,447,555,447,ID=PME3_S1;color=maroon
Ga1P_S5,zv_til01,33102303,33102564,533,447,538,447,ID=Ga1P_S5;color=gray60
Ga1P_S6,zv_til01,33125695,33126353,533,447,538,447,ID=Ga1P_S6;color=gray60
Ga1P_S7,zv_til01,33155785,33155846,533,447,538,447,ID=Ga1P_S7;color=gray60
Ga1P_S8,zv_til01,33155849,33156046,533,447,538,447,ID=Ga1P_S8;color=gray60
PME3_S2,zv_til01,33164084,33164451,550,447,555,447,ID=PME3_S2;color=salmon
Ga1P_S9,zv_til01,33257372,33258629,533,449,538,449,ID=Ga1P_S9;color=gray60
Ga1P_S10,zv_til01,33346807,33348067,533,450,538,450,ID=Ga1P_S10;color=blue
Ga1P_S11,zv_til01,33399713,33400973,533,450,538,450,ID=Ga1P_S11;color=blue
Ga1P_S12,zv_til01,33484136,33485397,533,451,538,451,ID=Ga1P_S12;color=gray60
Ga1P_S13,zv_til01,33562009,33563269,533,452,538,452,ID=Ga1P_S13;color=blue
Ga1P_S14,zv_til01,33669976,33671236,533,454,538,454,ID=Ga1P_S14;color=blue
Ga1P_S15,zv_til01,33714578,33715838,533,454,538,454,ID=Ga1P_S15;color=blue
Ga1P_S16,zv_til01,33798076,33799336,533,455,538,455,ID=Ga1P_S16;color=gray60
Ga1P_S17,zv_til01,33884105,33885365,533,456,538,456,ID=Ga1P_S17;color=blue
Ga1P_S18,zv_til01,33926150,33926583,533,457,538,457,ID=Ga1P_S18;color=gray60
Ga1P_S19,zv_til01,33933453,33934276,533,457,538,457,ID=Ga1P_S19;color=gray60
Ga1P_S20,zv_til01,33993305,33994564,533,457,538,457,ID=Ga1P_S20;color=gray60
Ga1P_S21,zv_til01,34062344,34063604,533,458,538,458,ID=Ga1P_S21;color=gray60
Ga1P_S22,zv_til01,34142405,34143665,533,459,538,459,ID=Ga1P_S22;color=blue
Ga1P_S23,zv_til01,34173335,34174595,533,460,538,460,ID=Ga1P_S23;color=blue
Ga1P_S24,zv_til01,57929425,57930686,533,745,538,745,ID=Ga1P_S24;color=blue
Ga1P_S25,zv_til01,57953961,57955222,533,745,538,745,ID=Ga1P_S25;color=blue
Ga1P_S26,zv_til01,57985400,57986661,533,745,538,745,ID=Ga1P_S26;color=blue
Ga1P_S27,zv_til01,58009936,58011197,533,746,538,746,ID=Ga1P_S27;color=blue
Ga1P_S28,zv_til01,58041367,58042628,533,746,538,746,ID=Ga1P_S28;color=blue
Ga1P_S29,zv_til01,58065952,58067212,533,746,538,746,ID=Ga1P_S29;color=blue
Ga1P_S30,zv_til01,58090572,58091833,533,747,538,747,ID=Ga1P_S30;color=blue
Ga1P_S31,zv_til01,58739071,58737973,533,754,538,754,ID=Ga1P_S31;color=gray60
Ga1P_S32,zv_til01,58743586,58743420,533,754,538,754,ID=Ga1P_S32;color=gray60
Ga1P_S33,zv_til01,58922378,58923638,533,757,538,757,ID=Ga1P_S33;color=gray60
PME3_S3,zv_til01,59970868,59970500,550,769,555,769,ID=PME3_S3;color=salmon
Ga1P_S34,zv_til01,60004698,60004500,533,770,538,770,ID=Ga1P_S34;color=gray60
Ga1P_S35,zv_til01,60004759,60004701,533,770,538,770,ID=Ga1P_S35;color=gray60
Ga1P_S36,zv_til01,60044710,60043805,533,770,538,770,ID=Ga1P_S36;color=gray60
PME3_S4,zv_til01,60049539,60048244,550,770,555,770,ID=PME3_S4;color=maroon
Ga1P_S37,zv_til01,60058327,60057070,533,770,538,770,ID=Ga1P_S37;color=gray60
Ga1P_S38,zv_til01,60077497,60078186,533,770,538,770,ID=Ga1P_S38;color=gray60
Ga1P_S39,zv_til01,60085477,60086736,533,771,538,771,ID=Ga1P_S39;color=gray60
Ga1P_S1,zv_til11,9066346,9067102,603,158,608,158,ID=Ga1P_S1;color=gray60
PME3_S2,zv_til11,9070780,9071152,620,158,625,158,ID=PME3_S2;color=salmon
PME3_S3,zv_til11,9093368,9094295,620,159,625,159,ID=PME3_S3;color=salmon
PME3_S4,zv_til11,9103580,9104857,620,159,625,159,ID=PME3_S4;color=salmon
Ga1P_S2,zv_til11,9105440,9106192,603,159,608,159,ID=Ga1P_S2;color=gray60
PME3_S5,zv_til11,9126679,9127851,620,159,625,159,ID=PME3_S5;color=salmon
PME3_S6,zv_til11,9133976,9135238,620,159,625,159,ID=PME3_S6;color=salmon
Ga1P_S3,zv_til11,9135803,9136486,603,159,608,159,ID=Ga1P_S3;color=gray60
PME3_S7,zv_til11,9166435,9167597,620,159,625,159,ID=PME3_S7;color=salmon
PME3_S8,zv_til11,9168277,9169229,620,160,625,160,ID=PME3_S8;color=salmon
Ga1P_S4,zv_til11,9169816,9170014,603,160,608,160,ID=Ga1P_S4;color=gray60
Ga1P_S5,zv_til11,9172691,9173184,603,160,608,160,ID=Ga1P_S5;color=gray60
Ga1P_S6,zv_til11,9211674,9211749,603,160,608,160,ID=Ga1P_S6;color=gray60
PME3_S9,zv_til11,9215889,9217182,620,160,625,160,ID=PME3_S9;color=salmon
PME3_S10,zv_til11,9221546,9222833,620,160,625,160,ID=PME3_S10;color=salmon
PME3_S11,zv_til11,9224621,9224890,620,160,625,160,ID=PME3_S11;color=salmon
PME3_S12,zv_til11,9242225,9243107,620,160,625,160,ID=PME3_S12;color=salmon
Ga1P_S7,zv_til11,9243708,9244464,603,160,608,160,ID=Ga1P_S7;color=gray60
PME3_S13,zv_til11,9248632,9249925,620,160,625,160,ID=PME3_S13;color=salmon
PME3_S14,zv_til11,9251713,9252995,620,161,625,161,ID=PME3_S14;color=salmon
Ga1P_S8,zv_til11,9253580,9254336,603,161,608,161,ID=Ga1P_S8;color=gray60
PME3_S15,zv_til11,9275644,9276926,620,161,625,161,ID=PME3_S15;color=salmon
Ga1P_S9,zv_til11,9318583,9319338,603,161,608,161,ID=Ga1P_S9;color=gray60
PME3_S16,zv_til11,9334712,9335990,620,162,625,162,ID=PME3_S16;color=salmon
Ga1P_S10,zv_til11,9336584,9337101,603,162,608,162,ID=Ga1P_S10;color=gray60
Ga1P_S11,zv_til11,9337189,9337420,603,162,608,162,ID=Ga1P_S11;color=gray60
PME3_S17,zv_til11,9342270,9342860,620,162,625,162,ID=PME3_S17;color=salmon
PME3_S18,zv_til11,9352408,9352925,620,162,625,162,ID=PME3_S18;color=salmon
PME3_S19,zv_til11,9353288,9354487,620,162,625,162,ID=PME3_S19;color=salmon
PME3_S20,zv_til11,9370750,9370842,620,162,625,162,ID=PME3_S20;color=salmon
Ga1P_S12,zv_til11,9371315,9372071,603,162,608,162,ID=Ga1P_S12;color=gray60
PME3_S21,zv_til11,9393826,9395121,620,162,625,162,ID=PME3_S21;color=salmon
PME3_S22,zv_til11,9396941,9397907,620,162,625,162,ID=PME3_S22;color=salmon
PME3_S23,zv_til11,9417216,9417534,620,163,625,163,ID=PME3_S23;color=salmon
Ga1P_S13,zv_til11,9418094,9418432,603,163,608,163,ID=Ga1P_S13;color=gray60
Ga1P_S14,zv_til11,9425314,9425736,603,163,608,163,ID=Ga1P_S14;color=gray60
PME3_S24,zv_til11,9438597,9439018,620,163,625,163,ID=PME3_S24;color=salmon
PME3_S25,zv_til11,9460488,9461374,620,163,625,163,ID=PME3_S25;color=salmon
PME3_S26,zv_til11,9472628,9473908,620,163,625,163,ID=PME3_S26;color=salmon
Ga1P_S15,zv_til11,9474453,9475025,603,163,608,163,ID=Ga1P_S15;color=gray60
Ga1P_S16,zv_til11,9484578,9484752,603,163,608,163,ID=Ga1P_S16;color=gray60
PME3_S27,zv_til11,9488841,9490131,620,163,625,163,ID=PME3_S27;color=salmon
PME3_S28,zv_til11,9491903,9493174,620,163,625,163,ID=PME3_S28;color=salmon
Ga1P_S17,zv_til11,9493753,9494506,603,163,608,163,ID=Ga1P_S17;color=gray60
PME3_S29,zv_til11,9508172,9509465,620,164,625,164,ID=PME3_S29;color=salmon
PME3_S30,zv_til11,9529719,9530675,620,164,625,164,ID=PME3_S30;color=salmon
PME3_S31,zv_til11,9539357,9539537,620,164,625,164,ID=PME3_S31;color=salmon
PME3_S32,zv_til11,9547072,9548354,620,164,625,164,ID=PME3_S32;color=salmon
PME3_S33,zv_til11,9550144,9550556,620,164,625,164,ID=PME3_S33;color=salmon
PME3_S34,zv_til11,9594260,9595097,620,165,625,165,ID=PME3_S34;color=salmon
PME3_S35,zv_til11,9596882,9598161,620,165,625,165,ID=PME3_S35;color=salmon
Ga1P_S18,zv_til11,9598747,9599502,603,165,608,165,ID=Ga1P_S18;color=gray60
PME3_S36,zv_til11,9613469,9613718,620,165,625,165,ID=PME3_S36;color=salmon
PME3_S37,zv_til11,9631283,9632316,620,165,625,165,ID=PME3_S37;color=salmon
Ga1P_S19,zv_til11,9632903,9633656,603,165,608,165,ID=Ga1P_S19;color=gray60
PME3_S38,zv_til11,9685220,9686515,620,166,625,166,ID=PME3_S38;color=salmon
PME3_S39,zv_til11,9736061,9737339,620,166,625,166,ID=PME3_S39;color=salmon
Ga1P_S20,zv_til11,9737921,9738197,603,166,608,166,ID=Ga1P_S20;color=gray60
Ga1P_S21,zv_til11,9740783,9741247,603,166,608,166,ID=Ga1P_S21;color=gray60
PME3_S40,zv_til11,9793192,9794487,620,167,625,167,ID=PME3_S40;color=salmon
PME3_S41,zv_til11,9796270,9796845,620,167,625,167,ID=PME3_S41;color=salmon
PME3_S42,zv_til11,9800136,9800346,620,167,625,167,ID=PME3_S42;color=salmon
PME3_S43,zv_til11,9807209,9807714,620,167,625,167,ID=PME3_S43;color=salmon
Ga1P_S22,zv_til11,9809902,9810400,603,167,608,167,ID=Ga1P_S22;color=gray60
Ga1P_S23,zv_til11,9819472,9819735,603,167,608,167,ID=Ga1P_S23;color=gray60
PME3_S44,zv_til11,9859761,9861053,620,168,625,168,ID=PME3_S44;color=salmon
PME3_S45,zv_til11,9862562,9863844,620,168,625,168,ID=PME3_S45;color=salmon
Ga1P_S24,zv_til11,9864399,9865155,603,168,608,168,ID=Ga1P_S24;color=gray60
PME3_S46,zv_til11,9876132,9876616,620,168,625,168,ID=PME3_S46;color=salmon
Ga1P_S25,zv_til11,9896212,9896967,603,168,608,168,ID=Ga1P_S25;color=gray60
PME3_S47,zv_til11,9911311,9911774,620,168,625,168,ID=PME3_S47;color=salmon
PME3_S48,zv_til11,9911774,9912566,620,168,625,168,ID=PME3_S48;color=salmon
PME3_S49,zv_til11,9914372,9914550,620,168,625,168,ID=PME3_S49;color=salmon
PME3_S50,zv_til11,9915430,9915751,620,168,625,168,ID=PME3_S50;color=salmon
Ga1P_S26,zv_til11,9916333,9917081,603,168,608,168,ID=Ga1P_S26;color=gray60
Ga1P_S1,zx_til18,21899079,21900326,393,312,398,312,ID=Ga1P_S1;color=gray60
Ga1P_S2,zx_til18,22333148,22331892,393,317,398,317,ID=Ga1P_S2;color=gray60
Ga1P_S3,zx_til18,22350309,22349960,393,318,398,318,ID=Ga1P_S3;color=gray60
Ga1P_S4,zx_til18,22360513,22361770,393,318,398,318,ID=Ga1P_S4;color=gray60
PME3_S1,zx_til18,22369053,22370348,410,318,415,318,ID=PME3_S1;color=maroon
Ga1P_S5,zx_til18,22373656,22373917,393,318,398,318,ID=Ga1P_S5;color=gray60
Ga1P_S6,zx_til18,22393980,22394638,393,318,398,318,ID=Ga1P_S6;color=gray60
Ga1P_S7,zx_til18,22414857,22414918,393,318,398,318,ID=Ga1P_S7;color=gray60
Ga1P_S8,zx_til18,22414921,22415120,393,318,398,318,ID=Ga1P_S8;color=gray60
PME3_S2,zx_til18,22423153,22423520,410,319,415,319,ID=PME3_S2;color=salmon
Ga1P_S9,zx_til18,22920462,22921719,393,325,398,325,ID=Ga1P_S9;color=gray60
Ga1P_S10,zx_til18,22993434,22994694,393,325,398,325,ID=Ga1P_S10;color=blue
Ga1P_S11,zx_til18,23027961,23029221,393,326,398,326,ID=Ga1P_S11;color=blue
Ga1P_S12,zx_til18,23156184,23157431,393,327,398,327,ID=Ga1P_S12;color=gray60
Ga1P_S13,zx_til18,23588417,23587161,393,333,398,333,ID=Ga1P_S13;color=gray60
Ga1P_S14,zx_til18,23605599,23605250,393,333,398,333,ID=Ga1P_S14;color=gray60
Ga1P_S15,zx_til18,23615803,23617060,393,333,398,333,ID=Ga1P_S15;color=gray60
PME3_S3,zx_til18,23624343,23625638,410,333,415,333,ID=PME3_S3;color=maroon
Ga1P_S16,zx_til18,23628944,23629205,393,333,398,333,ID=Ga1P_S16;color=gray60
Ga1P_S17,zx_til18,23649239,23649897,393,333,398,333,ID=Ga1P_S17;color=gray60
Ga1P_S18,zx_til18,23670121,23670182,393,334,398,334,ID=Ga1P_S18;color=gray60
Ga1P_S19,zx_til18,23670185,23670384,393,334,398,334,ID=Ga1P_S19;color=gray60
PME3_S4,zx_til18,23678417,23678784,410,334,415,334,ID=PME3_S4;color=salmon
Ga1P_S20,zx_til18,24151718,24152975,393,339,398,339,ID=Ga1P_S20;color=gray60
Ga1P_S21,zx_til18,24224731,24225991,393,340,398,340,ID=Ga1P_S21;color=blue
Ga1P_S22,zx_til18,24259250,24260510,393,341,398,341,ID=Ga1P_S22;color=blue
Ga1P_S23,zx_til18,24387402,24388661,393,342,398,342,ID=Ga1P_S23;color=gray60
Ga1P_S24,zx_til18,24852271,24851660,393,348,398,348,ID=Ga1P_S24;color=gray60
Ga1P_S25,zx_til18,24853346,24852697,393,348,398,348,ID=Ga1P_S25;color=gray60
Ga1P_S26,zx_til18,24876216,24875529,393,348,398,348,ID=Ga1P_S26;color=gray60
Ga1P_S27,zx_til18,24927225,24928482,393,349,398,349,ID=Ga1P_S27;color=gray60
PME3_S5,zx_til18,24935801,24937096,410,349,415,349,ID=PME3_S5;color=maroon
Ga1P_S28,zx_til18,24963309,24963967,393,349,398,349,ID=Ga1P_S28;color=gray60
Ga1P_S29,zx_til18,24984244,24984305,393,349,398,349,ID=Ga1P_S29;color=gray60
Ga1P_S30,zx_til18,24984308,24984505,393,349,398,349,ID=Ga1P_S30;color=gray60
PME3_S6,zx_til18,24992541,24992908,410,349,415,349,ID=PME3_S6;color=maroon
Ga1P_S31,zx_til18,25086111,25087368,393,351,398,351,ID=Ga1P_S31;color=gray60
Ga1P_S32,zx_til18,25165246,25166506,393,351,398,351,ID=Ga1P_S32;color=blue
Ga1P_S33,zx_til18,25218215,25219475,393,352,398,352,ID=Ga1P_S33;color=blue
Ga1P_S34,zx_til18,25315140,25316401,393,353,398,353,ID=Ga1P_S34;color=gray60
Ga1P_S35,zx_til18,25398581,25399841,393,354,398,354,ID=Ga1P_S35;color=blue
Ga1P_S36,zx_til18,25503105,25504365,393,356,398,356,ID=Ga1P_S36;color=blue
Ga1P_S37,zx_til18,25540790,25542050,393,356,398,356,ID=Ga1P_S37;color=blue
Ga1P_S38,zx_til18,25652184,25653443,393,357,398,357,ID=Ga1P_S38;color=gray60
Ga1P_S39,zx_til18,25739501,25740761,393,358,398,358,ID=Ga1P_S39;color=blue
Ga1P_S40,zx_til18,25788388,25788821,393,359,398,359,ID=Ga1P_S40;color=gray60
Ga1P_S41,zx_til18,25791399,25792233,393,359,398,359,ID=Ga1P_S41;color=gray60
Ga1P_S42,zx_til18,25851748,25853008,393,360,398,360,ID=Ga1P_S42;color=blue
Ga1P_S43,zx_til18,25905790,25907050,393,360,398,360,ID=Ga1P_S43;color=gray60
Ga1P_S44,zx_til18,25990950,25992210,393,361,398,361,ID=Ga1P_S44;color=blue
Ga1P_S45,zx_til18,26030843,26032103,393,362,398,362,ID=Ga1P_S45;color=blue
Ga1P_S46,zx_til18,46415040,46416301,393,606,398,606,ID=Ga1P_S46;color=blue
Ga1P_S47,zx_til18,46439636,46440897,393,607,398,607,ID=Ga1P_S47;color=blue
Ga1P_S48,zx_til18,46504796,46506057,393,608,398,608,ID=Ga1P_S48;color=blue
Ga1P_S1,zx_til25,14898184,14899444,463,228,468,228,ID=Ga1P_S1;color=blue
Ga1P_S2,zx_til25,14936672,14936935,463,229,468,229,ID=Ga1P_S2;color=gray60
Ga1P_S3,zx_til25,14946097,14947098,463,229,468,229,ID=Ga1P_S3;color=gray60
Ga1P_S4,zx_til25,14972636,14973896,463,229,468,229,ID=Ga1P_S4;color=blue
Ga1P_S5,zx_til25,15033845,15035105,463,230,468,230,ID=Ga1P_S5;color=blue
Ga1P_S6,zx_til25,15106856,15108116,463,231,468,231,ID=Ga1P_S6;color=blue
Ga1P_S7,zx_til25,15143291,15144551,463,231,468,231,ID=Ga1P_S7;color=blue
Ga1P_S8,zx_til25,15180292,15181552,463,232,468,232,ID=Ga1P_S8;color=blue
Ga1P_S9,zx_til25,15251679,15252939,463,233,468,233,ID=Ga1P_S9;color=blue
Ga1P_S10,zx_til25,15334905,15336165,463,234,468,234,ID=Ga1P_S10;color=blue
Ga1P_S11,zx_til25,15371390,15372650,463,234,468,234,ID=Ga1P_S11;color=blue
Ga1P_S12,zx_til25,15398202,15399462,463,234,468,234,ID=Ga1P_S12;color=blue
Ga1P_S13,zx_til25,15460834,15461060,463,235,468,235,ID=Ga1P_S13;color=gray60
Ga1P_S14,zx_til25,15545415,15545893,463,236,468,236,ID=Ga1P_S14;color=gray60
Ga1P_S15,zx_til25,15545891,15545927,463,236,468,236,ID=Ga1P_S15;color=gray60
Ga1P_S16,zx_til25,15545930,15546596,463,236,468,236,ID=Ga1P_S16;color=gray60
Ga1P_S17,zx_til25,35798278,35799539,463,479,468,479,ID=Ga1P_S17;color=blue
Ga1P_S18,zx_til25,35822643,35823905,463,479,468,479,ID=Ga1P_S18;color=blue
Ga1P_S19,zx_til25,35859013,35860274,463,480,468,480,ID=Ga1P_S19;color=blue
Ga1P_S20,zx_til25,35949866,35951127,463,481,468,481,ID=Ga1P_S20;color=blue
Ga1P_S21,zx_til25,35974229,35975491,463,481,468,481,ID=Ga1P_S21;color=blue
Ga1P_S22,zx_til25,35998821,36000082,463,481,468,481,ID=Ga1P_S22;color=blue
Ga1P_S23,zx_til25,36136004,36137265,463,483,468,483,ID=Ga1P_S23;color=blue
Ga1P_S24,zx_til25,36167229,36168491,463,484,468,484,ID=Ga1P_S24;color=blue
Ga1P_S25,zx_til25,36191808,36193069,463,484,468,484,ID=Ga1P_S25;color=gray60
Ga1P_S26,zx_til25,36839204,36838106,463,492,468,492,ID=Ga1P_S26;color=gray60
Ga1P_S27,zx_til25,36843718,36843552,463,492,468,492,ID=Ga1P_S27;color=gray60
Ga1P_S28,zx_til25,37022493,37023753,463,494,468,494,ID=Ga1P_S28;color=gray60
PME3_S1,zx_til25,38071597,38071229,480,506,485,506,ID=PME3_S1;color=salmon
Ga1P_S29,zx_til25,38105438,38105241,463,507,468,507,ID=Ga1P_S29;color=gray60
Ga1P_S30,zx_til25,38105499,38105441,463,507,468,507,ID=Ga1P_S30;color=gray60
Ga1P_S31,zx_til25,38145452,38144547,463,507,468,507,ID=Ga1P_S31;color=gray60
PME3_S2,zx_til25,38150228,38148933,480,507,485,507,ID=PME3_S2;color=maroon
Ga1P_S32,zx_til25,38162399,38161142,463,507,468,507,ID=Ga1P_S32;color=gray60
Ga1P_S33,zx_til25,38181569,38182258,463,508,468,508,ID=Ga1P_S33;color=gray60
Ga1P_S34,zx_til25,38189561,38190820,463,508,468,508,ID=Ga1P_S34;color=gray60
zn_pi6,zn_pi6,1,70000000,120,50.000012,128,890
zd_momo,zd_momo,1,70000000,190,50.000012,198,890
zd_gigi,zd_gigi,1,70000000,260,50.000012,268,890
zh_rim,zh_rim,1,70000000,330,50.000012,338,890
zx_til18,zx_til18,1,70000000,400,50.000012,408,890
zx_til25,zx_til25,1,70000000,470,50.000012,478,890
zv_til01,zv_til01,1,70000000,540,50.000012,548,890
zv_til11,zv_til11,1,70000000,610,50.000012,618,890
zm_b73,zm_b73,1,70000000,680,50.000012,688,890
zm_hp301,zm_hp301,1,70000000,750,50.000012,758,890
